detector+descriptor,frmae_index,camera_ttc,lidar_ttc,diff_ttc,diff_ttc_aver
SHITOMASI+BRISK,0,,,,
SHITOMASI+BRISK,1,12.3201,13.9019,-1.5818,-0.467277222
SHITOMASI+BRISK,2,12.2199,12.9876,-0.7677,
SHITOMASI+BRISK,3,14.7467,13.2474,1.4993,
SHITOMASI+BRISK,4,16.5095,12.8899,3.6196,
SHITOMASI+BRISK,5,15.5839,13.4476,2.1363,
SHITOMASI+BRISK,6,12.8867,13.5266,-0.6399,
SHITOMASI+BRISK,7,11.9813,12.7172,-0.7359,
SHITOMASI+BRISK,8,13.1207,13.712,-0.5913,
SHITOMASI+BRISK,9,13.0207,11.5126,1.5081,
SHITOMASI+BRISK,10,11.3424,13.456,-2.1136,
SHITOMASI+BRISK,11,12.5881,11.9816,0.6065,
SHITOMASI+BRISK,12,8.84817,11.8135,-2.96533,
SHITOMASI+BRISK,13,9.96028,12.0367,-2.07642,
SHITOMASI+BRISK,14,9.34284,11.342,-1.99916,
SHITOMASI+BRISK,15,8.36357,9.07784,-0.71427,
SHITOMASI+BRISK,16,10.2781,10.4612,-0.1831,
SHITOMASI+BRISK,17,9.61104,11.6823,-2.07126,
SHITOMASI+BRISK,18,8.39758,9.73863,-1.34105,
SHITOMASI+BRIEF,0,,,,
SHITOMASI+BRIEF,1,12.3201,14.0747,-1.7546,-0.874333889
SHITOMASI+BRIEF,2,12.2199,13.8102,-1.5903,
SHITOMASI+BRIEF,3,14.7467,11.7319,3.0148,
SHITOMASI+BRIEF,4,16.5095,13.6007,2.9088,
SHITOMASI+BRIEF,5,15.5839,12.3,3.2839,
SHITOMASI+BRIEF,6,12.8867,13.2703,-0.3836,
SHITOMASI+BRIEF,7,11.9813,21.3557,-9.3744,
SHITOMASI+BRIEF,8,13.1207,12.5199,0.6008,
SHITOMASI+BRIEF,9,13.0207,11.6077,1.413,
SHITOMASI+BRIEF,10,11.3424,13.6717,-2.3293,
SHITOMASI+BRIEF,11,12.5881,11.7805,0.8076,
SHITOMASI+BRIEF,12,8.84817,11.7604,-2.91223,
SHITOMASI+BRIEF,13,9.96028,11.7545,-1.79422,
SHITOMASI+BRIEF,14,9.34284,11.6524,-2.30956,
SHITOMASI+BRIEF,15,8.36357,11.2953,-2.93173,
SHITOMASI+BRIEF,16,10.2781,11.5174,-1.2393,
SHITOMASI+BRIEF,17,9.61104,11.1869,-1.57586,
SHITOMASI+BRIEF,18,8.39758,7.96939,0.42819,
SHITOMASI+ORB,0,,,0,
SHITOMASI+ORB,1,12.3201,14.2952,-1.9751,-0.099992778
SHITOMASI+ORB,2,12.2199,12.439,-0.2191,
SHITOMASI+ORB,3,14.7467,12.2131,2.5336,
SHITOMASI+ORB,4,16.5095,12.8595,3.65,
SHITOMASI+ORB,5,15.5839,12.1368,3.4471,
SHITOMASI+ORB,6,12.8867,13.6733,-0.7866,
SHITOMASI+ORB,7,11.9813,11.9941,-0.0128,
SHITOMASI+ORB,8,13.1207,12.3913,0.7294,
SHITOMASI+ORB,9,13.0207,11.3273,1.6934,
SHITOMASI+ORB,10,11.3424,13.6447,-2.3023,
SHITOMASI+ORB,11,12.5881,11.3027,1.2854,
SHITOMASI+ORB,12,8.84817,11.3208,-2.47263,
SHITOMASI+ORB,13,9.96028,12.3765,-2.41622,
SHITOMASI+ORB,14,9.34284,11.5476,-2.20476,
SHITOMASI+ORB,15,8.36357,10.4388,-2.07523,
SHITOMASI+ORB,16,10.2781,11.6681,-1.39,
SHITOMASI+ORB,17,9.61104,9.69202,-0.08098,
SHITOMASI+ORB,18,8.39758,7.60063,0.79695,
SHITOMASI+FREAK,0,,,0,
SHITOMASI+FREAK,1,12.3201,13.6733,-1.3532,-0.428066111
SHITOMASI+FREAK,2,12.2199,13.5031,-1.2832,
SHITOMASI+FREAK,3,14.7467,11.4665,3.2802,
SHITOMASI+FREAK,4,16.5095,12.561,3.9485,
SHITOMASI+FREAK,5,15.5839,12.6318,2.9521,
SHITOMASI+FREAK,6,12.8867,15.1537,-2.267,
SHITOMASI+FREAK,7,11.9813,13.3509,-1.3696,
SHITOMASI+FREAK,8,13.1207,12.9348,0.1859,
SHITOMASI+FREAK,9,13.0207,12.1911,0.8296,
SHITOMASI+FREAK,10,11.3424,13.199,-1.8566,
SHITOMASI+FREAK,11,12.5881,11.3274,1.2607,
SHITOMASI+FREAK,12,8.84817,12.2727,-3.42453,
SHITOMASI+FREAK,13,9.96028,12.6681,-2.70782,
SHITOMASI+FREAK,14,9.34284,11.5384,-2.19556,
SHITOMASI+FREAK,15,8.36357,10.2513,-1.88773,
SHITOMASI+FREAK,16,10.2781,11.3153,-1.0372,
SHITOMASI+FREAK,17,9.61104,10.9094,-1.29836,
SHITOMASI+FREAK,18,8.39758,7.87897,0.51861,
SHITOMASI+SIFT,0,,,0,
SHITOMASI+SIFT,1,12.3201,14.3797,-2.0596,-0.262841667
SHITOMASI+SIFT,2,12.2199,12.8955,-0.6756,
SHITOMASI+SIFT,3,14.7467,11.4703,3.2764,
SHITOMASI+SIFT,4,16.5095,12.6726,3.8369,
SHITOMASI+SIFT,5,15.5839,12.1886,3.3953,
SHITOMASI+SIFT,6,12.8867,13.0423,-0.1556,
SHITOMASI+SIFT,7,11.9813,12.0951,-0.1138,
SHITOMASI+SIFT,8,13.1207,12.338,0.7827,
SHITOMASI+SIFT,9,13.0207,11.7045,1.3162,
SHITOMASI+SIFT,10,11.3424,13.8905,-2.5481,
SHITOMASI+SIFT,11,12.5881,12.1867,0.4014,
SHITOMASI+SIFT,12,8.84817,11.9701,-3.12193,
SHITOMASI+SIFT,13,9.96028,11.6227,-1.66242,
SHITOMASI+SIFT,14,9.34284,10.9335,-1.59066,
SHITOMASI+SIFT,15,8.36357,12,-3.63643,
SHITOMASI+SIFT,16,10.2781,10.4776,-0.1995,
SHITOMASI+SIFT,17,9.61104,10.4599,-0.84886,
SHITOMASI+SIFT,18,8.39758,9.52513,-1.12755,
HARRIS+BRISK,0,,,0,
HARRIS+BRISK,1,12.3201,10.9082,1.4119,#VALUE!
HARRIS+BRISK,2,12.2199,10.195,2.0249,
HARRIS+BRISK,3,14.7467,-80.8525,95.5992,
HARRIS+BRISK,4,16.5095,11.5792,4.9303,
HARRIS+BRISK,5,15.5839,#NAME?,,
HARRIS+BRISK,6,12.8867,12.9945,-0.1078,
HARRIS+BRISK,7,11.9813,12.2395,-0.2582,
HARRIS+BRISK,8,13.1207,28.9604,-15.8397,
HARRIS+BRISK,9,13.0207,nan,#VALUE!,
HARRIS+BRISK,10,11.3424,#NAME?,#NAME?,
HARRIS+BRISK,11,12.5881,11.7414,0.8467,
HARRIS+BRISK,12,8.84817,11.6948,-2.84663,
HARRIS+BRISK,13,9.96028,568.322,-558.36172,
HARRIS+BRISK,14,9.34284,7.72144,1.6214,
HARRIS+BRISK,15,8.36357,-12.639,21.00257,
HARRIS+BRISK,16,10.2781,6.33929,3.93881,
HARRIS+BRISK,17,9.61104,12.5848,-2.97376,
HARRIS+BRISK,18,8.39758,#NAME?,#NAME?,
HARRIS+BRIEF,0,,,0,
HARRIS+BRIEF,1,12.3201,10.9082,1.4119,#NAME?
HARRIS+BRIEF,2,12.2199,11.0081,1.2118,
HARRIS+BRIEF,3,14.7467,-11.4731,26.2198,
HARRIS+BRIEF,4,16.5095,11.5792,4.9303,
HARRIS+BRIEF,5,15.5839,35.3833,-19.7994,
HARRIS+BRIEF,6,12.8867,15.2483,-2.3616,
HARRIS+BRIEF,7,11.9813,14.2744,-2.2931,
HARRIS+BRIEF,8,13.1207,17.6204,-4.4997,
HARRIS+BRIEF,9,13.0207,3.30058,9.72012,
HARRIS+BRIEF,10,11.3424,-13.4405,24.7829,
HARRIS+BRIEF,11,12.5881,11.7414,0.8467,
HARRIS+BRIEF,12,8.84817,11.6948,-2.84663,
HARRIS+BRIEF,13,9.96028,284.161,-274.20072,
HARRIS+BRIEF,14,9.34284,5.6061,3.73674,
HARRIS+BRIEF,15,8.36357,-13.6263,21.98987,
HARRIS+BRIEF,16,10.2781,6.7641,3.514,
HARRIS+BRIEF,17,9.61104,12.5848,-2.97376,
HARRIS+BRIEF,18,8.39758,#NAME?,#NAME?,
HARRIS+ORB,0,,,0,
HARRIS+ORB,1,12.3201,10.9082,1.4119,#VALUE!
HARRIS+ORB,2,12.2199,11.0081,1.2118,
HARRIS+ORB,3,14.7467,-11.4731,26.2198,
HARRIS+ORB,4,16.5095,11.5792,4.9303,
HARRIS+ORB,5,15.5839,34.7543,-19.1704,
HARRIS+ORB,6,12.8867,13.6217,-0.735,
HARRIS+ORB,7,11.9813,13.497,-1.5157,
HARRIS+ORB,8,13.1207,17.6204,-4.4997,
HARRIS+ORB,9,13.0207,nan,#VALUE!,
HARRIS+ORB,10,11.3424,#NAME?,#NAME?,
HARRIS+ORB,11,12.5881,11.4377,1.1504,
HARRIS+ORB,12,8.84817,11.6948,-2.84663,
HARRIS+ORB,13,9.96028,13.4327,-3.47242,
HARRIS+ORB,14,9.34284,5.85828,3.48456,
HARRIS+ORB,15,8.36357,-13.6263,21.98987,
HARRIS+ORB,16,10.2781,6.71705,3.56105,
HARRIS+ORB,17,9.61104,12.5848,-2.97376,
HARRIS+ORB,18,8.39758,#NAME?,#NAME?,
HARRIS+FREAK,0,,,0,
HARRIS+FREAK,1,12.3201,9.74953,2.57057,#VALUE!
HARRIS+FREAK,2,12.2199,10.586,1.6339,
HARRIS+FREAK,3,14.7467,-10.295,25.0417,
HARRIS+FREAK,4,16.5095,11.7693,4.7402,
HARRIS+FREAK,5,15.5839,89.8332,-74.2493,
HARRIS+FREAK,6,12.8867,13.5907,-0.704,
HARRIS+FREAK,7,11.9813,13.6036,-1.6223,
HARRIS+FREAK,8,13.1207,12.9162,0.2045,
HARRIS+FREAK,9,13.0207,nan,#VALUE!,
HARRIS+FREAK,10,11.3424,10.2931,1.0493,
HARRIS+FREAK,11,12.5881,11.7414,0.8467,
HARRIS+FREAK,12,8.84817,11.6948,-2.84663,
HARRIS+FREAK,13,9.96028,13.4327,-3.47242,
HARRIS+FREAK,14,9.34284,12.288,-2.94516,
HARRIS+FREAK,15,8.36357,-25.2781,33.64167,
HARRIS+FREAK,16,10.2781,6.64741,3.63069,
HARRIS+FREAK,17,9.61104,nan,#VALUE!,
HARRIS+FREAK,18,8.39758,nan,#VALUE!,
HARRIS+SIFT,0,,,0,
HARRIS+SIFT,1,12.3201,10.9082,1.4119,#NAME?
HARRIS+SIFT,2,12.2199,63.8475,-51.6276,
HARRIS+SIFT,3,14.7467,-161.705,176.4517,
HARRIS+SIFT,4,16.5095,11.5792,4.9303,
HARRIS+SIFT,5,15.5839,13.6432,1.9407,
HARRIS+SIFT,6,12.8867,27.8744,-14.9877,
HARRIS+SIFT,7,11.9813,13.497,-1.5157,
HARRIS+SIFT,8,13.1207,17.6204,-4.4997,
HARRIS+SIFT,9,13.0207,3.93864,9.08206,
HARRIS+SIFT,10,11.3424,-13.4405,24.7829,
HARRIS+SIFT,11,12.5881,11.1552,1.4329,
HARRIS+SIFT,12,8.84817,11.6948,-2.84663,
HARRIS+SIFT,13,9.96028,13.4327,-3.47242,
HARRIS+SIFT,14,9.34284,5.66097,3.68187,
HARRIS+SIFT,15,8.36357,#NAME?,#NAME?,
HARRIS+SIFT,16,10.2781,7.29175,2.98635,
HARRIS+SIFT,17,9.61104,12.5848,-2.97376,
HARRIS+SIFT,18,8.39758,#NAME?,#NAME?,
FAST+BRISK,0,,,0,
FAST+BRISK,1,12.3201,12.3541,-0.034,#NAME?
FAST+BRISK,2,12.2199,12.3908,-0.1709,
FAST+BRISK,3,14.7467,12.9751,1.7716,
FAST+BRISK,4,16.5095,13.0276,3.4819,
FAST+BRISK,5,15.5839,#NAME?,#NAME?,
FAST+BRISK,6,12.8867,13.0932,-0.2065,
FAST+BRISK,7,11.9813,12.093,-0.1117,
FAST+BRISK,8,13.1207,11.4003,1.7204,
FAST+BRISK,9,13.0207,11.9612,1.0595,
FAST+BRISK,10,11.3424,13.5598,-2.2174,
FAST+BRISK,11,12.5881,13.1502,-0.5621,
FAST+BRISK,12,8.84817,12.2294,-3.38123,
FAST+BRISK,13,9.96028,11.9837,-2.02342,
FAST+BRISK,14,9.34284,11.6152,-2.27236,
FAST+BRISK,15,8.36357,11.7805,-3.41693,
FAST+BRISK,16,10.2781,12.6953,-2.4172,
FAST+BRISK,17,9.61104,8.69919,0.91185,
FAST+BRISK,18,8.39758,11.9006,-3.50302,
FAST+BRIEF,0,,,0,
FAST+BRIEF,1,12.3201,11.2952,1.0249,-0.527368889
FAST+BRIEF,2,12.2199,10.6644,1.5555,
FAST+BRIEF,3,14.7467,12.7728,1.9739,
FAST+BRIEF,4,16.5095,13.6141,2.8954,
FAST+BRIEF,5,15.5839,18.831,-3.2471,
FAST+BRIEF,6,12.8867,13.5019,-0.6152,
FAST+BRIEF,7,11.9813,12.075,-0.0937,
FAST+BRIEF,8,13.1207,12.0107,1.11,
FAST+BRIEF,9,13.0207,12.3427,0.678,
FAST+BRIEF,10,11.3424,12.5213,-1.1789,
FAST+BRIEF,11,12.5881,14.2159,-1.6278,
FAST+BRIEF,12,8.84817,11.0543,-2.20613,
FAST+BRIEF,13,9.96028,12.0599,-2.09962,
FAST+BRIEF,14,9.34284,11.7063,-2.36346,
FAST+BRIEF,15,8.36357,11.5866,-3.22303,
FAST+BRIEF,16,10.2781,11.7158,-1.4377,
FAST+BRIEF,17,9.61104,7.56242,2.04862,
FAST+BRIEF,18,8.39758,11.0839,-2.68632,
FAST+ORB,0,,,0,
FAST+ORB,1,12.3201,12.0767,0.2434,-1.439484444
FAST+ORB,2,12.2199,10.5988,1.6211,
FAST+ORB,3,14.7467,12.6239,2.1228,
FAST+ORB,4,16.5095,13.871,2.6385,
FAST+ORB,5,15.5839,32.168,-16.5841,
FAST+ORB,6,12.8867,12.7186,0.1681,
FAST+ORB,7,11.9813,12.7282,-0.7469,
FAST+ORB,8,13.1207,12.0468,1.0739,
FAST+ORB,9,13.0207,11.8068,1.2139,
FAST+ORB,10,11.3424,13.5598,-2.2174,
FAST+ORB,11,12.5881,13.7238,-1.1357,
FAST+ORB,12,8.84817,11.4787,-2.63053,
FAST+ORB,13,9.96028,12.511,-2.55072,
FAST+ORB,14,9.34284,11.2847,-1.94186,
FAST+ORB,15,8.36357,10.5244,-2.16083,
FAST+ORB,16,10.2781,11.7538,-1.4757,
FAST+ORB,17,9.61104,9.8071,-0.19606,
FAST+ORB,18,8.39758,11.7502,-3.35262,
FAST+FREAK,0,,,0,
FAST+FREAK,1,12.3201,11.9301,0.39,-4.951543889
FAST+FREAK,2,12.2199,24.1535,-11.9336,
FAST+FREAK,3,14.7467,13.8858,0.8609,
FAST+FREAK,4,16.5095,14.3697,2.1398,
FAST+FREAK,5,15.5839,81.994,-66.4101,
FAST+FREAK,6,12.8867,12.3469,0.5398,
FAST+FREAK,7,11.9813,12.4713,-0.49,
FAST+FREAK,8,13.1207,11.5751,1.5456,
FAST+FREAK,9,13.0207,12.3427,0.678,
FAST+FREAK,10,11.3424,13.3448,-2.0024,
FAST+FREAK,11,12.5881,12.9992,-0.4111,
FAST+FREAK,12,8.84817,11.6118,-2.76363,
FAST+FREAK,13,9.96028,11.8227,-1.86242,
FAST+FREAK,14,9.34284,11.3502,-2.00736,
FAST+FREAK,15,8.36357,11.1267,-2.76313,
FAST+FREAK,16,10.2781,12.2695,-1.9914,
FAST+FREAK,17,9.61104,8.52557,1.08547,
FAST+FREAK,18,8.39758,12.1298,-3.73222,
FAST+SIFT,0,,,0,
FAST+SIFT,1,12.3201,11.6421,0.678,-1.384700556
FAST+SIFT,2,12.2199,11.7417,0.4782,
FAST+SIFT,3,14.7467,14.0554,0.6913,
FAST+SIFT,4,16.5095,14.745,1.7645,
FAST+SIFT,5,15.5839,28.4716,-12.8877,
FAST+SIFT,6,12.8867,13.2095,-0.3228,
FAST+SIFT,7,11.9813,12.2695,-0.2882,
FAST+SIFT,8,13.1207,12.7588,0.3619,
FAST+SIFT,9,13.0207,12.1408,0.8799,
FAST+SIFT,10,11.3424,13.8308,-2.4884,
FAST+SIFT,11,12.5881,14.3108,-1.7227,
FAST+SIFT,12,8.84817,11.7682,-2.92003,
FAST+SIFT,13,9.96028,12.4311,-2.47082,
FAST+SIFT,14,9.34284,11.5341,-2.19126,
FAST+SIFT,15,8.36357,11.5342,-3.17063,
FAST+SIFT,16,10.2781,11.2022,-0.9241,
FAST+SIFT,17,9.61104,7.57839,2.03265,
FAST+SIFT,18,8.39758,10.822,-2.42442,
BRISK+BRISK,0,,,0,
BRISK+BRISK,1,12.3201,13.4086,-1.0885,-2.922817222
BRISK+BRISK,2,12.2199,21.5276,-9.3077,
BRISK+BRISK,3,14.7467,12.625,2.1217,
BRISK+BRISK,4,16.5095,15.2037,1.3058,
BRISK+BRISK,5,15.5839,27.6679,-12.084,
BRISK+BRISK,6,12.8867,18.3114,-5.4247,
BRISK+BRISK,7,11.9813,17.1427,-5.1614,
BRISK+BRISK,8,13.1207,16.0991,-2.9784,
BRISK+BRISK,9,13.0207,14.801,-1.7803,
BRISK+BRISK,10,11.3424,13.9297,-2.5873,
BRISK+BRISK,11,12.5881,13.1359,-0.5478,
BRISK+BRISK,12,8.84817,11.3409,-2.49273,
BRISK+BRISK,13,9.96028,11.8565,-1.89622,
BRISK+BRISK,14,9.34284,12.4013,-3.05846,
BRISK+BRISK,15,8.36357,12.7089,-4.34533,
BRISK+BRISK,16,10.2781,11.503,-1.2249,
BRISK+BRISK,17,9.61104,9.29379,0.31725,
BRISK+BRISK,18,8.39758,10.7753,-2.37772,
BRISK+BRIEF,0,,,0,
BRISK+BRIEF,1,12.3201,12.8448,-0.5247,-2.567306667
BRISK+BRIEF,2,12.2199,16.8618,-4.6419,
BRISK+BRIEF,3,14.7467,11.6672,3.0795,
BRISK+BRIEF,4,16.5095,20.5725,-4.063,
BRISK+BRIEF,5,15.5839,19.7052,-4.1213,
BRISK+BRIEF,6,12.8867,17.5642,-4.6775,
BRISK+BRIEF,7,11.9813,15.5883,-3.607,
BRISK+BRIEF,8,13.1207,18.7451,-5.6244,
BRISK+BRIEF,9,13.0207,15.4645,-2.4438,
BRISK+BRIEF,10,11.3424,11.4853,-0.1429,
BRISK+BRIEF,11,12.5881,13.3676,-0.7795,
BRISK+BRIEF,12,8.84817,14.3096,-5.46143,
BRISK+BRIEF,13,9.96028,12.3266,-2.36632,
BRISK+BRIEF,14,9.34284,10.9457,-1.60286,
BRISK+BRIEF,15,8.36357,11.6294,-3.26583,
BRISK+BRIEF,16,10.2781,12.1739,-1.8958,
BRISK+BRIEF,17,9.61104,11.3792,-1.76816,
BRISK+BRIEF,18,8.39758,10.7022,-2.30462,
BRISK+ORB,0,,,0,
BRISK+ORB,1,12.3201,14.8431,-2.523,-2.604584444
BRISK+ORB,2,12.2199,18.7802,-6.5603,
BRISK+ORB,3,14.7467,13.2755,1.4712,
BRISK+ORB,4,16.5095,16.3966,0.1129,
BRISK+ORB,5,15.5839,20.1467,-4.5628,
BRISK+ORB,6,12.8867,19.9254,-7.0387,
BRISK+ORB,7,11.9813,18.2074,-6.2261,
BRISK+ORB,8,13.1207,16.9607,-3.84,
BRISK+ORB,9,13.0207,14.5576,-1.5369,
BRISK+ORB,10,11.3424,11.3267,0.0157,
BRISK+ORB,11,12.5881,13.3173,-0.7292,
BRISK+ORB,12,8.84817,11.3844,-2.53623,
BRISK+ORB,13,9.96028,11.8035,-1.84322,
BRISK+ORB,14,9.34284,12.7655,-3.42266,
BRISK+ORB,15,8.36357,11.2164,-2.85283,
BRISK+ORB,16,10.2781,11.556,-1.2779,
BRISK+ORB,17,9.61104,10.2454,-0.63436,
BRISK+ORB,18,8.39758,11.2957,-2.89812,
BRISK+FREAK,0,,,0,
BRISK+FREAK,1,12.3201,12.7581,-0.438,-2.650596111
BRISK+FREAK,2,12.2199,24.137,-11.9171,
BRISK+FREAK,3,14.7467,13.9605,0.7862,
BRISK+FREAK,4,16.5095,13.9445,2.565,
BRISK+FREAK,5,15.5839,23.0697,-7.4858,
BRISK+FREAK,6,12.8867,16.8726,-3.9859,
BRISK+FREAK,7,11.9813,15.5199,-3.5386,
BRISK+FREAK,8,13.1207,18.7996,-5.6789,
BRISK+FREAK,9,13.0207,14.9704,-1.9497,
BRISK+FREAK,10,11.3424,13.7438,-2.4014,
BRISK+FREAK,11,12.5881,12.8798,-0.2917,
BRISK+FREAK,12,8.84817,11.4537,-2.60553,
BRISK+FREAK,13,9.96028,11.4422,-1.48192,
BRISK+FREAK,14,9.34284,11.2969,-1.95406,
BRISK+FREAK,15,8.36357,13.3442,-4.98063,
BRISK+FREAK,16,10.2781,10.3718,-0.0937,
BRISK+FREAK,17,9.61104,9.33041,0.28063,
BRISK+FREAK,18,8.39758,10.9372,-2.53962,
BRISK+SIFT,0,,,0,
BRISK+SIFT,1,12.3201,12.6196,-0.2995,-3.44769
BRISK+SIFT,2,12.2199,15.9861,-3.7662,
BRISK+SIFT,3,14.7467,16.6955,-1.9488,
BRISK+SIFT,4,16.5095,13.4784,3.0311,
BRISK+SIFT,5,15.5839,29.4296,-13.8457,
BRISK+SIFT,6,12.8867,20.1864,-7.2997,
BRISK+SIFT,7,11.9813,14.3733,-2.392,
BRISK+SIFT,8,13.1207,17.3507,-4.23,
BRISK+SIFT,9,13.0207,19.9247,-6.904,
BRISK+SIFT,10,11.3424,14.5525,-3.2101,
BRISK+SIFT,11,12.5881,14.8409,-2.2528,
BRISK+SIFT,12,8.84817,11.515,-2.66683,
BRISK+SIFT,13,9.96028,13.8915,-3.93122,
BRISK+SIFT,14,9.34284,10.2385,-0.89566,
BRISK+SIFT,15,8.36357,14.6058,-6.24223,
BRISK+SIFT,16,10.2781,10.4527,-0.1746,
BRISK+SIFT,17,9.61104,10.7262,-1.11516,
BRISK+SIFT,18,8.39758,12.3126,-3.91502,
ORB+BRISK,0,,,0,
ORB+BRISK,1,12.3201,15.0326,-2.7125,#NAME?
ORB+BRISK,2,12.2199,13.0953,-0.8754,
ORB+BRISK,3,14.7467,12.4454,2.3013,
ORB+BRISK,4,16.5095,29.9201,-13.4106,
ORB+BRISK,5,15.5839,156.224,-140.6401,
ORB+BRISK,6,12.8867,11.1136,1.7731,
ORB+BRISK,7,11.9813,13.6966,-1.7153,
ORB+BRISK,8,13.1207,10.9433,2.1774,
ORB+BRISK,9,13.0207,13.1005,-0.0798,
ORB+BRISK,10,11.3424,19.472,-8.1296,
ORB+BRISK,11,12.5881,8.34928,4.23882,
ORB+BRISK,12,8.84817,#NAME?,#NAME?,
ORB+BRISK,13,9.96028,8.22394,1.73634,
ORB+BRISK,14,9.34284,9.47411,-0.13127,
ORB+BRISK,15,8.36357,8.69652,-0.33295,
ORB+BRISK,16,10.2781,13.2765,-2.9984,
ORB+BRISK,17,9.61104,12.372,-2.76096,
ORB+BRISK,18,8.39758,25.9992,-17.60162,
ORB+BRIEF,0,,,0,
ORB+BRIEF,1,12.3201,21.3418,-9.0217,-19.05217778
ORB+BRIEF,2,12.2199,47.92,-35.7001,
ORB+BRIEF,3,14.7467,103.665,-88.9183,
ORB+BRIEF,4,16.5095,14.0679,2.4416,
ORB+BRIEF,5,15.5839,22.8925,-7.3086,
ORB+BRIEF,6,12.8867,18.3567,-5.47,
ORB+BRIEF,7,11.9813,55.1976,-43.2163,
ORB+BRIEF,8,13.1207,76.7595,-63.6388,
ORB+BRIEF,9,13.0207,70.7145,-57.6938,
ORB+BRIEF,10,11.3424,16.2625,-4.9201,
ORB+BRIEF,11,12.5881,17.4453,-4.8572,
ORB+BRIEF,12,8.84817,14.1185,-5.27033,
ORB+BRIEF,13,9.96028,13.301,-3.34072,
ORB+BRIEF,14,9.34284,9.71308,-0.37024,
ORB+BRIEF,15,8.36357,8.816,-0.45243,
ORB+BRIEF,16,10.2781,10.9804,-0.7023,
ORB+BRIEF,17,9.61104,13.442,-3.83096,
ORB+BRIEF,18,8.39758,19.0665,-10.66892,
ORB+ORB,0,,,0,
ORB+ORB,1,12.3201,19.4626,-7.1425,-1096.670829
ORB+ORB,2,12.2199,10.7511,1.4688,
ORB+ORB,3,14.7467,16.6755,-1.9288,
ORB+ORB,4,16.5095,21.791,-5.2815,
ORB+ORB,5,15.5839,51.9348,-36.3509,
ORB+ORB,6,12.8867,32.002,-19.1153,
ORB+ORB,7,11.9813,19504,-19492.0187,
ORB+ORB,8,13.1207,10.6652,2.4555,
ORB+ORB,9,13.0207,141.212,-128.1913,
ORB+ORB,10,11.3424,16.9407,-5.5983,
ORB+ORB,11,12.5881,9.15809,3.43001,
ORB+ORB,12,8.84817,26.0409,-17.19273,
ORB+ORB,13,9.96028,9.46076,0.49952,
ORB+ORB,14,9.34284,9.63066,-0.28782,
ORB+ORB,15,8.36357,12.9444,-4.58083,
ORB+ORB,16,10.2781,10.5063,-0.2282,
ORB+ORB,17,9.61104,16.6667,-7.05566,
ORB+ORB,18,8.39758,31.3538,-22.95622,
ORB+FREAK,0,,,0,
ORB+FREAK,1,12.3201,12.2074,0.1127,#NAME?
ORB+FREAK,2,12.2199,20.1206,-7.9007,
ORB+FREAK,3,14.7467,17.4865,-2.7398,
ORB+FREAK,4,16.5095,10.8706,5.6389,
ORB+FREAK,5,15.5839,#NAME?,#NAME?,
ORB+FREAK,6,12.8867,11.5626,1.3241,
ORB+FREAK,7,11.9813,#NAME?,#NAME?,
ORB+FREAK,8,13.1207,9.02151,4.09919,
ORB+FREAK,9,13.0207,13.3112,-0.2905,
ORB+FREAK,10,11.3424,-545.044,556.3864,
ORB+FREAK,11,12.5881,7.95795,4.63015,
ORB+FREAK,12,8.84817,40.8841,-32.03593,
ORB+FREAK,13,9.96028,6.57691,3.38337,
ORB+FREAK,14,9.34284,60.2671,-50.92426,
ORB+FREAK,15,8.36357,8.60003,-0.23646,
ORB+FREAK,16,10.2781,9.3402,0.9379,
ORB+FREAK,17,9.61104,11.3219,-1.71086,
ORB+FREAK,18,8.39758,16.8655,-8.46792,
ORB+SIFT,0,,,0,
ORB+SIFT,1,12.3201,12.8695,-0.5494,#NAME?
ORB+SIFT,2,12.2199,9.85685,2.36305,
ORB+SIFT,3,14.7467,12.5471,2.1996,
ORB+SIFT,4,16.5095,209.183,-192.6735,
ORB+SIFT,5,15.5839,502.13,-486.5461,
ORB+SIFT,6,12.8867,21.1449,-8.2582,
ORB+SIFT,7,11.9813,#NAME?,#NAME?,
ORB+SIFT,8,13.1207,10.4477,2.673,
ORB+SIFT,9,13.0207,20.0252,-7.0045,
ORB+SIFT,10,11.3424,11.1389,0.2035,
ORB+SIFT,11,12.5881,10.1214,2.4667,
ORB+SIFT,12,8.84817,#NAME?,#NAME?,
ORB+SIFT,13,9.96028,7.94456,2.01572,
ORB+SIFT,14,9.34284,18.6477,-9.30486,
ORB+SIFT,15,8.36357,13.6989,-5.33533,
ORB+SIFT,16,10.2781,9.56045,0.71765,
ORB+SIFT,17,9.61104,18.3228,-8.71176,
ORB+SIFT,18,8.39758,10.7852,-2.38762,
AKAZE+BRISK,0,,,0,
AKAZE+BRISK,1,12.3201,11.9055,0.4146,-0.674054444
AKAZE+BRISK,2,12.2199,15.6249,-3.405,
AKAZE+BRISK,3,14.7467,13.4644,1.2823,
AKAZE+BRISK,4,16.5095,14.4196,2.0899,
AKAZE+BRISK,5,15.5839,14.7461,0.8378,
AKAZE+BRISK,6,12.8867,14.8422,-1.9555,
AKAZE+BRISK,7,11.9813,16.1855,-4.2042,
AKAZE+BRISK,8,13.1207,13.9909,-0.8702,
AKAZE+BRISK,9,13.0207,13.901,-0.8803,
AKAZE+BRISK,10,11.3424,11.9645,-0.6221,
AKAZE+BRISK,11,12.5881,12.5054,0.0827,
AKAZE+BRISK,12,8.84817,10.3737,-1.52553,
AKAZE+BRISK,13,9.96028,10.1489,-0.18862,
AKAZE+BRISK,14,9.34284,10.0385,-0.69566,
AKAZE+BRISK,15,8.36357,10.1702,-1.80663,
AKAZE+BRISK,16,10.2781,10.3834,-0.1053,
AKAZE+BRISK,17,9.61104,9.63699,-0.02595,
AKAZE+BRISK,18,8.39758,8.95287,-0.55529,
AKAZE+BRIEF,0,,,0,
AKAZE+BRIEF,1,12.3201,13.2804,-0.9603,-0.645071667
AKAZE+BRIEF,2,12.2199,15.381,-3.1611,
AKAZE+BRIEF,3,14.7467,13.6728,1.0739,
AKAZE+BRIEF,4,16.5095,13.9793,2.5302,
AKAZE+BRIEF,5,15.5839,15.1106,0.4733,
AKAZE+BRIEF,6,12.8867,13.91,-1.0233,
AKAZE+BRIEF,7,11.9813,15.9355,-3.9542,
AKAZE+BRIEF,8,13.1207,14.4514,-1.3307,
AKAZE+BRIEF,9,13.0207,13.5101,-0.4894,
AKAZE+BRIEF,10,11.3424,11.6681,-0.3257,
AKAZE+BRIEF,11,12.5881,12.3559,0.2322,
AKAZE+BRIEF,12,8.84817,11.6794,-2.83123,
AKAZE+BRIEF,13,9.96028,10.1193,-0.15902,
AKAZE+BRIEF,14,9.34284,9.85941,-0.51657,
AKAZE+BRIEF,15,8.36357,9.48744,-1.12387,
AKAZE+BRIEF,16,10.2781,9.69983,0.57827,
AKAZE+BRIEF,17,9.61104,9.50336,0.10768,
AKAZE+BRIEF,18,8.39758,9.12903,-0.73145,
AKAZE+ORB,0,,,0,
AKAZE+ORB,1,12.3201,12.4495,-0.1294,-0.591942222
AKAZE+ORB,2,12.2199,14.559,-2.3391,
AKAZE+ORB,3,14.7467,13.3159,1.4308,
AKAZE+ORB,4,16.5095,14.3789,2.1306,
AKAZE+ORB,5,15.5839,15.578,0.0059,
AKAZE+ORB,6,12.8867,13.7785,-0.8918,
AKAZE+ORB,7,11.9813,15.6235,-3.6422,
AKAZE+ORB,8,13.1207,14.1891,-1.0684,
AKAZE+ORB,9,13.0207,13.4444,-0.4237,
AKAZE+ORB,10,11.3424,11.7537,-0.4113,
AKAZE+ORB,11,12.5881,12.4121,0.176,
AKAZE+ORB,12,8.84817,11.5441,-2.69593,
AKAZE+ORB,13,9.96028,9.98404,-0.02376,
AKAZE+ORB,14,9.34284,10.417,-1.07416,
AKAZE+ORB,15,8.36357,10.5321,-2.16853,
AKAZE+ORB,16,10.2781,9.69853,0.57957,
AKAZE+ORB,17,9.61104,8.97547,0.63557,
AKAZE+ORB,18,8.39758,9.1427,-0.74512,
AKAZE+FREAK,0,,,0,
AKAZE+FREAK,1,12.3201,12.1239,0.1962,-0.575508889
AKAZE+FREAK,2,12.2199,14.0613,-1.8414,
AKAZE+FREAK,3,14.7467,13.959,0.7877,
AKAZE+FREAK,4,16.5095,14.2454,2.2641,
AKAZE+FREAK,5,15.5839,16.1433,-0.5594,
AKAZE+FREAK,6,12.8867,14.5198,-1.6331,
AKAZE+FREAK,7,11.9813,15.4456,-3.4643,
AKAZE+FREAK,8,13.1207,13.6867,-0.566,
AKAZE+FREAK,9,13.0207,13.1062,-0.0855,
AKAZE+FREAK,10,11.3424,12.0412,-0.6988,
AKAZE+FREAK,11,12.5881,12.2112,0.3769,
AKAZE+FREAK,12,8.84817,10.9924,-2.14423,
AKAZE+FREAK,13,9.96028,10.9714,-1.01112,
AKAZE+FREAK,14,9.34284,10,-0.65716,
AKAZE+FREAK,15,8.36357,9.86979,-1.50622,
AKAZE+FREAK,16,10.2781,10.3531,-0.075,
AKAZE+FREAK,17,9.61104,9.10004,0.511,
AKAZE+FREAK,18,8.39758,8.65041,-0.25283,
AKAZE+AKAZE,0,,,0,
AKAZE+AKAZE,1,12.3201,12.3444,-0.0243,-0.626631111
AKAZE+AKAZE,2,12.2199,14.0983,-1.8784,
AKAZE+AKAZE,3,14.7467,12.8828,1.8639,
AKAZE+AKAZE,4,16.5095,14.4781,2.0314,
AKAZE+AKAZE,5,15.5839,16.7468,-1.1629,
AKAZE+AKAZE,6,12.8867,13.8675,-0.9808,
AKAZE+AKAZE,7,11.9813,15.3467,-3.3654,
AKAZE+AKAZE,8,13.1207,14.1379,-1.0172,
AKAZE+AKAZE,9,13.0207,13.8398,-0.8191,
AKAZE+AKAZE,10,11.3424,11.5483,-0.2059,
AKAZE+AKAZE,11,12.5881,12.1341,0.454,
AKAZE+AKAZE,12,8.84817,11.0555,-2.20733,
AKAZE+AKAZE,13,9.96028,11.2852,-1.32492,
AKAZE+AKAZE,14,9.34284,10.5845,-1.24166,
AKAZE+AKAZE,15,8.36357,10.1989,-1.83533,
AKAZE+AKAZE,16,10.2781,9.8136,0.4645,
AKAZE+AKAZE,17,9.61104,9.06452,0.54652,
AKAZE+AKAZE,18,8.39758,8.97402,-0.57644,
AKAZE+SIFT,0,,,0,
AKAZE+SIFT,1,12.3201,12.4399,-0.1198,-0.721965
AKAZE+SIFT,2,12.2199,14.646,-2.4261,
AKAZE+SIFT,3,14.7467,13.4142,1.3325,
AKAZE+SIFT,4,16.5095,14.107,2.4025,
AKAZE+SIFT,5,15.5839,16.5981,-1.0142,
AKAZE+SIFT,6,12.8867,14.1374,-1.2507,
AKAZE+SIFT,7,11.9813,15.4462,-3.4649,
AKAZE+SIFT,8,13.1207,13.8272,-0.7065,
AKAZE+SIFT,9,13.0207,14.1208,-1.1001,
AKAZE+SIFT,10,11.3424,11.9311,-0.5887,
AKAZE+SIFT,11,12.5881,12.3099,0.2782,
AKAZE+SIFT,12,8.84817,11.4123,-2.56413,
AKAZE+SIFT,13,9.96028,10.834,-0.87372,
AKAZE+SIFT,14,9.34284,10.5383,-1.19546,
AKAZE+SIFT,15,8.36357,10.1374,-1.77383,
AKAZE+SIFT,16,10.2781,10.1166,0.1615,
AKAZE+SIFT,17,9.61104,9.09447,0.51657,
AKAZE+SIFT,18,8.39758,9.00608,-0.6085,
SIFT+BRISK,0,,,0,
SIFT+BRISK,1,12.3201,11.6775,0.6426,-0.434173889
SIFT+BRISK,2,12.2199,13.3443,-1.1244,
SIFT+BRISK,3,14.7467,14.4891,0.2576,
SIFT+BRISK,4,16.5095,18.9432,-2.4337,
SIFT+BRISK,5,15.5839,14.9067,0.6772,
SIFT+BRISK,6,12.8867,11.5509,1.3358,
SIFT+BRISK,7,11.9813,14.3801,-2.3988,
SIFT+BRISK,8,13.1207,15.5638,-2.4431,
SIFT+BRISK,9,13.0207,13.0591,-0.0384,
SIFT+BRISK,10,11.3424,10.8593,0.4831,
SIFT+BRISK,11,12.5881,13.2349,-0.6468,
SIFT+BRISK,12,8.84817,10.2972,-1.44903,
SIFT+BRISK,13,9.96028,9.98874,-0.02846,
SIFT+BRISK,14,9.34284,9.55221,-0.20937,
SIFT+BRISK,15,8.36357,9.4644,-1.10083,
SIFT+BRISK,16,10.2781,8.77179,1.50631,
SIFT+BRISK,17,9.61104,9.52697,0.08407,
SIFT+BRISK,18,8.39758,9.3265,-0.92892,
SIFT+BRIEF,0,,,0,
SIFT+BRIEF,1,12.3201,12.0887,0.2314,-0.590638333
SIFT+BRIEF,2,12.2199,14.2391,-2.0192,
SIFT+BRIEF,3,14.7467,15.08,-0.3333,
SIFT+BRIEF,4,16.5095,21.4358,-4.9263,
SIFT+BRIEF,5,15.5839,13.6004,1.9835,
SIFT+BRIEF,6,12.8867,12.5584,0.3283,
SIFT+BRIEF,7,11.9813,14.5792,-2.5979,
SIFT+BRIEF,8,13.1207,15.2578,-2.1371,
SIFT+BRIEF,9,13.0207,13.0446,-0.0239,
SIFT+BRIEF,10,11.3424,10.3097,1.0327,
SIFT+BRIEF,11,12.5881,13.0488,-0.4607,
SIFT+BRIEF,12,8.84817,9.87054,-1.02237,
SIFT+BRIEF,13,9.96028,10.1282,-0.16792,
SIFT+BRIEF,14,9.34284,9.26825,0.07459,
SIFT+BRIEF,15,8.36357,9.99612,-1.63255,
SIFT+BRIEF,16,10.2781,9.06875,1.20935,
SIFT+BRIEF,17,9.61104,8.94616,0.66488,
SIFT+BRIEF,18,8.39758,9.23255,-0.83497,
SIFT+FREAK,0,,,0,
SIFT+FREAK,1,12.3201,11.3143,1.0058,-0.598205
SIFT+FREAK,2,12.2199,13.8353,-1.6154,
SIFT+FREAK,3,14.7467,13.6135,1.1332,
SIFT+FREAK,4,16.5095,21.1723,-4.6628,
SIFT+FREAK,5,15.5839,13.5634,2.0205,
SIFT+FREAK,6,12.8867,12.2423,0.6444,
SIFT+FREAK,7,11.9813,14.8139,-2.8326,
SIFT+FREAK,8,13.1207,15.2346,-2.1139,
SIFT+FREAK,9,13.0207,14.3892,-1.3685,
SIFT+FREAK,10,11.3424,11.5716,-0.2292,
SIFT+FREAK,11,12.5881,12.0832,0.5049,
SIFT+FREAK,12,8.84817,10.0932,-1.24503,
SIFT+FREAK,13,9.96028,10.2522,-0.29192,
SIFT+FREAK,14,9.34284,9.89631,-0.55347,
SIFT+FREAK,15,8.36357,9.19662,-0.83305,
SIFT+FREAK,16,10.2781,9.50403,0.77407,
SIFT+FREAK,17,9.61104,9.18097,0.43007,
SIFT+FREAK,18,8.39758,9.93234,-1.53476,
SIFT+SIFT,0,,,0,
SIFT+SIFT,1,12.3201,11.9946,0.3255,-0.812645
SIFT+SIFT,2,12.2199,13.3384,-1.1185,
SIFT+SIFT,3,14.7467,13.2694,1.4773,
SIFT+SIFT,4,16.5095,19.6816,-3.1721,
SIFT+SIFT,5,15.5839,15.27,0.3139,
SIFT+SIFT,6,12.8867,11.1336,1.7531,
SIFT+SIFT,7,11.9813,13.9724,-1.9911,
SIFT+SIFT,8,13.1207,16.1755,-3.0548,
SIFT+SIFT,9,13.0207,18.4557,-5.435,
SIFT+SIFT,10,11.3424,10.6528,0.6896,
SIFT+SIFT,11,12.5881,11.8093,0.7788,
SIFT+SIFT,12,8.84817,11.6481,-2.79993,
SIFT+SIFT,13,9.96028,9.40235,0.55793,
SIFT+SIFT,14,9.34284,10.8447,-1.50186,
SIFT+SIFT,15,8.36357,10.4391,-2.07553,
SIFT+SIFT,16,10.2781,9.64474,0.63336,
SIFT+SIFT,17,9.61104,9.09319,0.51785,
SIFT+SIFT,18,8.39758,8.92371,-0.52613,
